Pays,GDP,Internet connection speeds,Alcohol consumption,Intentional homicide rate,Military expenditures,Human Dev Index,Democracy Index,Tertiary education atteinment,Importance religion,Christianity%,Islam%,Buddhism%,Jewish%,Under-five mortality,Age criminal responsibility,Minimum wage,External debt,Income equality,Health Expenditure,Suicide Rate,Fertility rate,Tobacco Consumption,Obesity Rate,Internet User,Median Age,EcoFreedom,Oil Production,PopGrowthRate,Life Expectancy,Meat consumption,Incarceration rate,Literacy Rate,WAgeFirstMarriage,Spending Education,Homeless Population,Milk Consumption,Journal Articles,Books Publised,Food Energy,Yearly Temperature
Afghanistan,470.0,50.488817545708,0.2,6.7,2.81367368326145,0.511,2.85,40.999999999532804,97.0,0.02,99.7,0.05,0.013000000340127826,60.3,7.0,866.0,7.0,36.40000000018199,4057.304143985755,6.0,4.321,30.299999999908124,5.5,10.9,19.5,51.5,3194.0000000446453,2.41,63.2,34.94999999996652,87.0,20.3,18.0,4.1,35.29999999981743,62.23,3.013,2795.0,2750.000000001985,12.6
Albania,5303.0,45.25,7.5,2.3,4.986126800650764,0.795,6.08,40.9999999996644,50.0,17.0,58.8,0.05,0.01300000019818981,9.7,14.0,3277.0,66.0,33.2,2795.9811153194496,3.7,1.597,34.2,21.7,73.0,34.3,66.5,7901.0,0.13,78.0,38.2,164.0,86.9,24.0,4.0,35.29999999994419,303.72,62.441,390.0,2890.0,11.4
Algeria,3976.0,14.21268887702854,0.9,1.4,4.462339228183169,0.748,3.77,40.99999999986494,95.0,0.01,99.7,0.05,0.012999999977978405,23.3,13.0,201.0,2.0,27.6,2826.9891767552863,2.6,2.988,22.4,27.4,62.4,28.9,46.2,33205.0,1.67,77.1,18.4,153.0,19.5,27.8,4.3,35.29999999988621,141.53,123.874,3955.0,3090.0,22.5
Angola,2671.0,21.304292604501995,6.4,4.8,3.5072128874380546,0.581,3.66,40.99999999982316,88.0,75.0,0.3,0.05,0.012999999567625764,74.7,14.0,764.0,41.0,51.3,-129.58071782416164,12.6,5.442,30.300000000140898,8.2,13.9,15.9,50.6,61417.0,3.28,63.1,25.0,93.0,27.0,21.4,3.5,35.299999999993474,12.3,0.974,22.0,1960.0,21.55
Argentina,10041.0,51.51,9.8,5.3,2.7876361999777526,0.845,6.95,40.99999999971686,65.0,77.0,0.9,0.05,1.1,9.3,16.0,864.0,72.0,41.4,2669.186853434695,8.1,2.247,46.2,28.3,75.7,32.4,52.2,11644.0,0.94,76.6,79.7,230.0,97.9,33.2,5.5,35.29999999998006,195.08,198.62,28010.0,3030.0,14.8
Armenia,4623.0,56.111863342895106,5.5,1.7,2.589362667972172,0.776,5.35,40.99999999967628,79.0,97.9,0.1,0.05,0.00063,11.8,14.0,1698.0,102.0,34.4,2914.5919369946855,2.7,1.758,34.3,20.2,69.2,36.6,67.7,3193.999999961874,0.15,76.0,27.7,74.0,98.9,26.3,2.3,35.29999999999052,209.03,176.506,396.0,2260.0,7.15
Australia,54763.0,77.88,10.6,0.9,2.1,0.944,8.96,48.0,32.0,52.1,2.6,2.7,0.78,3.6,10.0,28734.0,130.0,34.4,4965.0,11.3,1.657,27.6,29.0,85.0,37.5,80.9,1404.0,1.3,83.0,108.2,160.0,64.599999999917,30.5,5.3,49.1,234.49,2153.172,28234.0,3220.0,21.65
Austria,49701.0,117.31,11.6,1.0,3.685645613558818,0.922,8.16,39.0,55.0,60.0,8.0,0.2,0.063,3.5,14.0,1895.000000019747,165.0,29.7,5538.0,10.4,1.46,48.1,20.1,86.4,44.5,72.0,1742.0,0.24,81.6,94.1,95.0,64.60000000000407,30.3,5.5,25.4,258.09,1390.334,8056.0,3750.0,6.35
Azerbaijan,4782.0,18.772795428666768,0.8,2.2,10.491529271295907,0.756,2.68,40.99999999975779,39.0,3.1,96.9,0.05,0.048,20.4,14.0,1765.0,22.0,26.6,866.7103888058723,4.0,1.8,28.1,19.9,78.0,32.6,65.4,8571.0,0.98,71.4,15.9,208.0,98.4,23.7,2.5,725.0,152.07,76.486,542.0,3020.0,11.95
Bahamas,34864.0,55.99,4.4,32.0,2.237275014169528,0.814,5.755000001016015,40.99999999963126,84.00000000049022,95.0,0.1,0.05,0.0019,12.6,13.00000000221462,1092.0,194.0,36.399999999907095,4608.483929249031,3.4,1.743,11.8,31.6,87.1,32.8,62.9,3193.999999995576,1.01,73.2,123.6,442.0,64.60000000002356,27.9,2.8,35.29999999988638,104.76,51.862,2854.0000000325963,2710.0,24.85
Bahrain,23504.0,58.53,1.9,0.5,5.019407772924884,0.852,2.49,40.99999999988671,94.0,15.0,73.7,2.5,0.012999999995145117,6.9,13.000000000047294,1894.9999999906504,66.0,36.39999999992892,-285.78269615398585,7.2,1.964,28.1,29.8,91.2,32.9,66.4,36.0,4.26,75.8,70.7,234.0,42.3,26.3,2.3,35.3000000000319,108.469999999977,205.168,40.0,2749.999999997681,27.15
Bangladesh,1846.0,36.02,0.0,2.4,5.317292878054227,0.632,5.99,40.9999999996441,100.0,0.4,90.4,0.5,0.013000000223598818,30.8,9.0,214.0,12.0,32.4,2050.2437264372547,3.9,2.011,51.5,3.6,77.7,27.9,55.6,25.0,1.04,74.3,3.1,48.0,39.4,25.0,2.0,307.0,21.91,19.427,2854.000000230968,2270.0,25.0
Barbados,18149.0,105.71,9.6,9.8,1.9266151844135901,0.814,5.755000000843211,40.99999999966593,84.00000000125806,74.0,1.5,0.05,0.01299999936520635,12.7,13.000000000753062,65.0,100.0,36.39999999994757,4168.6334080745155,0.3,1.623,10.5,23.1,81.5,39.5,64.7,3521.0,0.24,76.0,88.7,296.0,98.5,31.8,4.7,35.299999999997965,110.48,132.57,2854.0000001220033,3020.0,26.0
Belarus,6674.0,68.73,11.2,2.4,2.9109500945042805,0.823,2.59,40.99999999962802,34.0,55.4,0.75,0.05,0.057,3.2,14.0,0.0,66.0,25.2,2882.0744893949395,16.5,1.382,37.3,24.5,74.6,40.9,57.9,2637.0,-0.15,74.8,58.6,345.0,98.6,25.3,4.8,35.30000000010875,133.73,124.833,8205.0,3150.0,6.15
Belgium,46198.0,107.12,12.1,1.7,1.726625886455167,0.931,7.51,43.0,33.0,65.0,7.6,0.2,0.18,3.4,12.0,21845.0,269.0,27.4,5103.0,13.9,1.57,29.9,22.1,87.3,41.6,67.3,3194.000000025524,0.58,81.4,86.1,95.0,64.60000000006117,30.0,6.5,35.29999999985682,236.19,1366.291,13913.0,3690.0,9.55
Belize,4884.0,49.44,6.7,37.8,0.3415825484653183,0.716,5.755000000748623,40.99999999979275,62.0,76.7,0.2,0.5,0.013000000014415036,12.3,13.000000000057298,3861.0,75.0,53.3,6034.020114978704,7.7,2.274,30.29999999987561,24.1,46.0,23.9,55.4,5464.0,2.05,74.4,74.7,307.0,44.8,28.6,7.4,35.29999999994186,80.3,23.494,2854.0000004526228,2710.0,25.3
Benin,122.0,21.294570950621164,3.0,1.1,3.320686080608931,0.545,4.58,40.99999999930708,93.0,42.8,27.7,0.05,0.013000000226043085,90.3,12.999999999913598,819.0,26.0,47.8,-877.6572337430275,12.7,4.767,17.1,9.6,13.7,17.0,55.3,3194.000000049884,2.73,63.4,16.2,70.0,7.0,18.7,4.0,35.299999999818056,8.4,19.852,84.0,2510.0,27.55
Bhutan,3361.0,140.24000103734755,0.6,1.2,4.466130719001956,0.654,5.71,40.99999999970095,83.99999999986426,1.0,0.2,74.7,0.01300000014748548,28.5,10.0,639.0,108.0,37.4,687.7697965363404,5.1,1.954,30.299999999969742,6.4,51.5,29.1,62.9,3193.9999998117564,1.18,73.1,3.0,145.0,14.9,22.8,6.6,0.0,108.47000000007,70.256,2853.9999996758997,2750.0000000023997,7.4
Bolivia,3552.0,12.00435662255478,4.8,6.2,0.4107538095685963,0.718,5.08,40.99999999963535,89.0,89.0,0.05,0.05,0.0032,26.0,14.0,4071.0,33.0,42.2,3017.863379789859,6.8,2.688,30.29999999996798,20.2,42.7,25.3,42.3,5334.0,1.47,72.1,50.0,164.0,67.5,24.1,7.3,35.29999999992708,46.04,9.072,1578.0,2100.0,21.55
Bosnia and Herzegovina,6109.0,44.85,6.4,1.2,2.1937989366646518,0.78,4.84,40.99999999978007,77.0,45.94,50.7,0.04999999988859827,0.0032,5.9,14.0,2789.0,23.0,33.0,4008.846119810977,8.3,1.254,46.3,17.9,69.8,43.3,61.9,3193.999999946158,-0.22,76.8,21.4,83.0,86.0,27.1,4.30000000000593,20.0,174.03,211.798,2854.0000005888287,3080.0,9.85
Botswana,7961.0,43.29884219797685,8.4,15.2,3.4159651216293203,0.735,7.62,40.99999999963245,77.0,71.6,0.4,0.05,0.00063,41.6,12.999999998755811,1993.0,8.0,53.3,2882.565192770475,20.2,2.836,32.1,18.9,42.1,25.7,69.5,3194.000000024622,1.79,62.2,27.3,208.0,40.7,26.4,7.8,35.29999999990741,117.74,124.663,158.0,2230.0,21.5
Brazil,8755.0,90.3,7.8,27.4,1.4,0.765,6.92,16.0,87.0,90.0,0.36,0.1,0.59,11.0,12.0,3625.0,38.0,53.9,5379.347673994353,6.4,1.648,32.8,22.1,76.4,33.2,51.9,12113.0,0.75,75.9,82.4,357.0,74.3,30.0,6.2,10.0,149.28,287.145,46829.0,3120.0,24.95
Bulgaria,9703.0,78.84,12.7,1.3,1.3887162451283102,0.816,6.71,40.999999999724366,34.0,85.0,13.4,0.05,0.013,6.7,14.0,4596.0,63.0,40.4,3474.8197885744576,6.5,1.58,49.6,25.0,63.7,43.7,69.0,140.0,-0.67,75.1,69.4,109.0,97.5,26.9,4.1,35.30000000000172,155.71,469.538,10068.0,2760.0,10.55
Burkina Faso,787.0,36.67713387977301,8.2,1.3,6.972804985215234,0.452,3.73,40.99999999947306,88.0,22.0,63.2,0.05,0.013000000036129222,87.5,13.00000000010914,710.0,26.0,35.3,-1187.5040185275684,14.4,5.109,29.9,5.6,15.4,17.9,59.4,3194.0000000452274,2.87,62.7,11.2,37.0,8.4,17.9,4.2,335.0,29.79,12.759,12.0,2690.0,28.29
Burundi,260.0,32.30525767064228,7.5,6.1,2.039575751355417,0.433,2.14,40.99999999971499,98.0,75.0,10.0,0.04999999989979642,0.012999999613555246,56.5,15.0,1895.0000000104774,26.0,38.6,2123.8011770334288,12.1,5.321,20.6,5.4,5.4,17.7,48.9,3194.000000010943,3.15,63.8,3.5,96.0,24.9,20.3,4.8,35.30000000005856,4.6,1.995,2854.0000002656598,1680.0,19.8
Cambodia,1644.0,84.06912620570625,6.7,1.8,3.9407519449283184,0.594,3.1,40.99999999971993,96.0,1.0,2.0,97.9,0.01299999971803345,26.6,14.0,1894.9999999912543,57.0,36.400000000019645,-3046.0161598381737,5.5,2.478,44.4,3.9,33.5,26.4,57.8,3193.999999709864,1.49,70.1,13.9,220.0,53.1,21.0,1.9,35.30000000031839,3.47,8.985,2853.9999994290993,2180.0,26.8
Cameroon,1534.0,19.173448187344718,8.9,1.4,6.766002881402983,0.563,2.77,40.99999999944839,96.0,70.7,30.0,0.05,0.013000000178635673,74.8,12.999999999849933,743.0,24.0,46.6,-1717.6635369079504,15.9,4.506,10.2,11.4,22.1,18.5,52.4,3983.0,2.56,62.4,14.4,124.0,26.1,19.0,3.1,389.0,15.27,34.739,2854.0000000856817,2240.0,24.6
Canada,4655.0,167.61,8.9,1.8,1.4,0.929,9.24,59.0,42.0,55.0,3.2,0.8,2.5,4.9,12.0,21477.0,143.0,33.8,5287.0,10.3,1.468,37.9,29.4,91.6,41.8,77.7,100931.0,0.9,82.2,108.1,104.0,64.6000000000267,29.6,5.5,10.0,187.77,1617.497,14625.0,3530.0,-5.35
Cape Verde,3604.0,56.928487157280586,5.7,6.8,2.9639002401996053,0.665,7.65,40.99999999971328,83.99999999985039,89.1,2.0,0.049999999974033926,0.01300000022695258,14.9,16.0,1584.0,99.0,47.2,3661.647928760662,15.2,2.242,30.29999999995502,11.8,57.4,26.8,63.1,3193.999999925989,1.25,74.0,26.3,296.0,36.8,21.5,5.2,35.30000000013371,115.64,16.551,2853.9999998477288,2530.0,23.3
Central African Republic,468.0,2.147336024106494,3.3,20.1,16.000783875625448,0.397,1.32,40.999999999365,94.0,80.0,15.0,0.05000000001660965,0.013000000173349235,110.1,13.000000000007276,777.0,39.0,56.2,-3670.5203466436506,23.0,4.645,30.300000000104063,7.5,4.3,20.0,49.1,3194.0000000234577,1.1899999999997632,53.1,28.0,16.0,35.7,17.4,1.2,1421.0,13.53,4.286,2853.99999986263,1960.0,24.9
Chad,707.0,15.495928206181304,1.5,7.369660420226751,6.115107041246505,0.398,1.55,40.9999999992703,95.0,35.0,58.0,0.05,0.013000000197507688,113.8,13.000000000534783,1229.0,18.0,43.3,-1865.7654846703308,13.2,5.649,15.4,6.1,6.3,16.1,49.9,7393.0,1.58,59.6,14.3,59.0,7.0,16.0,2.9,209.0,20.63,0.969,2854.000000087777,2010.0,26.55
Chile,14896.0,176.48,9.3,4.4,3.9038123369484286,0.851,8.28,27.0,70.0,68.0,0.05,0.05,0.12,7.0,14.0,5753.0,82.0,44.4,2126.0,8.0,1.627,53.4,28.0,79.4,35.5,75.4,247.0,1.1899999999860889,80.7,66.4,210.0,89.9,32.6,5.4,7.4,116.11,380.263,5641.0,2960.0,8.45
China,10004.0,172.95,7.2,0.5,1.7,0.761,2.27,35.8,84.00000000022465,3.0,1.73,18.2,0.019,7.9,12.0,1945.0,29.0,38.5,2571.881633037148,6.7,1.696,29.2,6.2,70.8,38.4,58.4,2836.0,0.78,77.4,52.4,121.0,73.9,24.9,4.0,18.0,32.66,370.023,208418.0,2990.0,6.95
Colombia,6432.0,53.73,5.8,25.3,11.687817549753168,0.767,7.04,27.0,83.0,92.0,0.2,0.05,0.013,13.8,14.0,4427.0,57.0,50.4,1201.0,3.7,1.789,16.8,22.3,61.5,31.2,67.3,18452.0,0.81,79.3,33.9,194.0,81.4,22.3,4.5,971.0,108.47,144.882,17066.0,2690.0,24.5
Comoros,137.0,-10.396587188499723,0.9,-5.545207181610152,3.2778716414488738,0.554,3.09,40.999999999439694,97.0,2.1,98.3,0.05000000002974048,0.01300000024457404,62.9,12.999999999877218,1502.0,21.0,45.3,722.3015985852958,8.5,4.138,43.7,7.8,8.3,20.9,55.4,3193.9999999221764,2.24,67.4,7.6,27.0,12.8,20.4,2.5,35.300000000003536,11.15,3.604,2853.999999888707,1840.0,25.55
Congo,2304.0,22.540198992306387,7.8,7.745026477185746,1.0955015565693826,0.574,3.11,40.999999999995055,95.0,90.7,2.0,0.05,0.012999999466160261,47.8,13.000000000291948,1843.0,55.0,48.9,1490.7181703490166,11.6,4.374,11.2,9.6,8.7,19.5,39.7,60168.0,2.59,64.7,13.3,27.0,73.1,21.0,4.6,35.30000000015019,10.69,12.776,2853.999999811407,2570.0,24.55
Costa Rica,12238.0,47.93,4.8,11.3,1.92809331761201,0.81,8.16,28.0,79.0,82.0,0.05,0.05,0.016,8.6,12.0,6496.0,43.0,48.0,5587.722133401785,7.6,1.737,18.2,25.7,70.2,32.6,65.3,3194.000000002183,0.96,80.8,40.4,374.0,90.4,25.7,7.4,6.6,183.28,101.411,2158.0,2820.0,24.8
Croatia,14627.0,57.3,8.9,0.6,1.940938936317543,0.851,6.5,40.999999999760234,70.0,90.1,1.5,0.05,0.011,4.8,14.0,6795.0,89.0,30.4,4117.833096548022,11.0,1.47,34.9,24.4,67.6,43.9,61.4,3223.0,-0.58,78.6,49.9,84.0,97.1,28.1,4.6,7.0,231.02,1029.014,2854.0000001145527,2990.0,10.9
Cuba,9296.0,58.1217373613523,6.1,5.0,1.9417421243213595,0.783,2.84,40.99999999962046,34.0,65.0,0.1,0.05,0.0032,5.1,16.0,105.0,34.0,36.400000000372984,6467.389845389911,10.2,1.602,47.5,24.6,49.7,42.1,27.8,4357.0,0.06,77.8,32.2,510.0,99.2,21.3,12.9,0.0,99.94,85.464,992.0,3420.0,25.2
Cyprus,28285.0,50.46,10.8,1.3,1.2219978103027302,0.887,7.56,40.99999999965422,75.0,79.0,25.3,0.2,0.00063,2.3,14.0,1894.999999992564,849.0,31.4,971.0741393722265,3.2,1.321,42.5,21.8,80.1,37.9,68.1,3193.9999999730207,0.78,83.1,131.3,86.0,93.8,29.0,6.4,35.29999999997307,113.31,1063.989,930.0,3190.0,18.45
Czech Republic,23452.0,85.89,14.4,0.6,3.6741417306423196,0.9,7.67,31.0,21.0,34.0,0.15,0.05,0.025,3.2,15.0,7918.0,76.0,24.9,3171.0,9.5,1.71,34.8,26.0,78.4,43.3,73.7,220.0,0.06,79.1,77.3,179.0,64.59999999988624,29.8,5.6,22.0,195.2,1460.479,17330.0,3280.0,7.55
Denmark,60657.0,210.71,10.4,1.0,5.131179080691507,0.94,9.15,44.0,19.0,79.0,5.4,0.2,0.041,3.8,15.0,1895.0000000211585,158.0,28.7,5295.0,7.6,1.7,37.6,19.7,94.0,42.0,76.7,24369.0,0.38,81.3,145.9,68.0,64.59999999991291,32.0,7.6,11.0,277.3,2430.232,13096.0,3410.0,7.5
Dominican Republic,8282.0,14.66317189620213,6.9,10.0,2.028505960466756,0.756,6.32,40.999999999588,87.0,83.0,0.05,0.05,0.00063,28.0,13.000000000693944,2915.0,36.0,43.7,1432.8948192799799,5.1,2.323,18.9,27.8,65.8,27.9,61.0,3194.0000000323926,1.07,72.8,37.8,243.0,79.8,21.0,4.3,35.29999999995823,73.75,4.611,1866.0,2270.0,24.55
DR Congo,545.0,34.591110346238395,2.6,7.077521141795643,8.74774925262483,0.48,1.13,40.999999999410704,94.0,92.0,10.0,0.05,0.00063,84.8,14.0,265.0,13.0,42.1,-846.0570620983626,12.4,5.819,30.29999999999896,6.7,8.3,16.7,50.3,254.0,3.22,62.4,4.8,29.0,48.0,19.0,1.5,595.0,108.47000000000571,1.772,64.0,2749.9999999995657,24.0
East Timor,1561.0,-19.46936090229184,2.1,2.048318174051218,0.847464759498695,0.606,7.06,40.99999999978951,83.99999999909392,99.1,0.1,0.05000000001518856,0.013000000037322934,44.2,16.0,138.0,12.0,28.7,3238.2447943990737,4.5,3.947,54.4,3.8,28.1,19.6,44.2,47839.0,2.14,69.6,41.3,52.0,11.2,20.6,3.8,35.299999999905594,10.96,11.041,2853.99999978696,2020.0,25.25
Ecuador,6184.0,25.360699422486164,4.4,5.8,1.5496485943841911,0.759,6.13,40.99999999967275,82.0,94.0,0.05,0.05,0.0038,14.0,12.0,5525.0,57.0,45.4,3766.051728239942,7.7,2.403,30.29999999992893,19.9,55.7,28.8,46.9,3347.0,1.42,78.4,45.0,224.0,77.7,21.8,5.0,35.299999999990746,139.6,125.378,2854.0,2300.0,21.85
Egypt,3161.0,39.66,0.4,2.6,13.494928166838775,0.707,2.93,40.99999999976421,97.0,10.0,92.35,0.05,0.00063,20.3,12.0,1894.9999999943902,34.0,31.5,831.721429211967,3.4,3.28,21.5,32.0,55.6,24.1,52.5,686.0,1.87,71.8,22.5,116.0,43.2,25.0,3.8,1200.0,59.46,135.405,12000.0,3160.0,22.1
El Salvador,4187.0,9.035959299996705,3.7,52.0,1.2706208582773746,0.673,5.9,40.999999999625686,83.99999999981173,81.9,0.28,0.05,0.00063,13.3,12.0,365.0,56.0,38.6,10422.496460723669,6.1,2.021,19.1,24.6,31.0,27.7,61.8,3194.0000000225555,0.52,75.0,21.4,572.0,65.7,22.5,3.8,35.299999999825616,124.34,7.009,661.0,2580.0,24.45
Estonia,2374.0,78.58,11.6,2.1,4.2663230503366,0.892,7.84,41.0,16.0,45.0,0.05,0.05,0.012,2.4,14.0,7626.0,89.0,30.4,2368.0,12.0,1.66,41.1,21.2,87.2,43.7,76.6,3194.000000070897,-0.23,78.9,67.4,173.0,99.7,29.0,5.2,15.2,284.85,1069.604,3916.0,3140.0,5.1
Eswatini (Swaziland),4002.0,100.33198386447424,9.9,11.6,4.049142259476448,0.611,3.08,40.999999999670194,84.00000000084856,82.7,10.0,0.05,0.012999999978319465,49.4,7.0,694.0,14.0,54.6,1037.8012904657337,40.5,2.958,12.3,16.5,36.5,23.7,54.7,3194.000000047672,1.75,57.7,34.2,278.0,45.2,26.5,7.1,35.29999999998665,56.6,29.922,2854.000000185799,2290.0,21.4
Ethiopia,828.0,43.98806969190497,2.8,8.8,3.6701900200437185,0.485,3.38,40.99999999967537,84.0000000000332,75.0,31.3,0.05,0.00063,50.7,9.0,1895.0000000091386,32.0,35.0,3782.4178624264323,9.5,4.146,6.8,4.5,17.9,19.8,53.6,3193.999999955704,2.43,68.7,7.9,99.0,13.6,17.4,4.7,234.0,44.14,18.256,240.0,1950.0,22.2
Fiji,6185.0,69.08330636155597,3.0,11.79254946729705,1.4936196728278253,0.743,5.72,40.99999999964581,83.9999999997508,64.4,6.3,0.05,0.013000000118950084,25.7,10.0,3096.0,18.0,36.7,4214.8327400333,9.5,2.754,32.7,30.2,51.2,29.9,62.2,3194.0000000767177,0.72,68.0,39.1,274.0,64.60000000001074,25.00000000001664,3.9,35.29999999978719,40.2,158.464,401.0,3000.0,24.4
Finland,48678.0,119.32,10.7,1.6,7.151618960614737,0.938,9.2,41.0,28.0,69.8,1.8,0.05,0.0082,2.4,15.0,1895.000000001899,223.0,27.4,4331.0,13.4,1.35,29.1,22.2,87.5,42.8,74.9,3194.0000000245927,0.36,81.6,67.4,53.0,64.59999999999789,31.2,6.9,8.8,430.76,1919.213,9368.0,3220.0,1.7
France,40319.0,192.25,12.6,1.2,2.1,0.901,7.99,45.0,30.0,59.53,8.8,0.5,2.9,4.5,13.0,21786.0,230.0,31.6,5154.0,9.7,1.87,34.6,21.6,91.5,41.7,63.8,253.0,0.39,82.5,101.1,93.0,64.59999999997511,30.8,5.4,45.0,241.31,1020.949,106799.0,3530.0,10.7
Gambia,776.0,-5.0496759216744636,3.8,-1.0736832500445814,3.010475888090363,0.496,4.49,40.99999999971766,84.00000000030673,4.2,95.7,0.049999999937256234,0.012999999817225216,51.7,12.0,260.0,61.0,35.9,1654.0535061189407,9.6,5.154,21.7,10.3,18.3,21.8,52.4,3193.99999995096,2.93,65.5,5.2,31.0,10.4,21.5,2.1,35.3000000000485,45.71,14.912,14.0,2330.0,27.5
Georgia,4439.0,130.64305561304906,9.8,2.2,10.376848986165172,0.812,5.31,40.999999999727265,81.0,88.6,10.7,0.049999999967042186,0.0095,9.6,14.0,106.0,128.0,36.4,2395.647064764466,7.7,2.055,34.4,21.7,86.1,38.6,75.9,102.0,-0.27,73.3,26.0,245.0,99.1,26.6,3.8,760.0,149.26,137.399,581.0,2730.0,5.8
Germany,46232.0,120.93,13.4,0.9,1.4,0.947,8.67,30.0,40.0,55.0,6.55,0.3,0.74,3.8,14.0,22214.0,165.0,31.9,6224.0,8.3,1.54,33.6,22.3,93.6,47.8,73.5,571.0,0.2,81.7,82.1,69.0,64.59999999999638,30.9,4.8,81.9,258.7,1255.901,79916.0,3540.0,8.4
Ghana,2203.0,51.93,2.7,2.1,1.6525667881224284,0.611,6.5,40.999999999631484,95.0,71.2,17.6,0.05,0.013000000152430857,46.2,13.00000000032469,482.0,30.0,43.5,681.57515337512,10.5,3.816,6.5,10.9,50.6,21.4,57.5,3564.0,2.16,66.3,9.9,43.0,34.9,21.7,3.6,32.9,9.08,45.237,28.0,2900.0,27.2
Greece,19604.0,36.73,10.4,0.9,2.9194430417945445,0.888,7.39,40.0,71.0,93.0,3.85,0.05,0.027,3.8,15.0,10389.0,298.0,34.4,2266.0,3.6,1.35,50.2,24.9,75.3,45.3,57.7,285.0,-0.21,81.1,78.7,107.0,92.5,29.9,4.1,37.1,255.26,1036.566,6826.0,3710.0,15.4
Guatemala,4363.0,2.328628156252762,2.4,22.5,3.0897943363586418,0.663,4.97,40.99999999967946,88.0,87.0,0.05,0.05,0.0057,24.5,13.000000000599357,3941.0,28.0,48.3,3172.0680932276673,6.2,2.822,30.29999999993882,21.2,39.9,23.2,62.6,544.0,1.94,72.0,23.8,139.0,50.7,21.3,2.8,315.0,46.6,5.798,1042.0,2150.0,23.45
Guinea,967.0,2.380550217155019,1.3,1.8050870525208609,3.982634349689735,0.477,3.08,40.99999999935153,97.0,8.9,89.1,0.05,0.013000000151578206,98.8,10.0,1894.999999998021,20.0,33.7,-804.6766425018486,12.3,4.625,30.300000000001916,7.7,11.7,19.1,55.7,3194.0000000529108,2.57,61.0,6.5,28.0,13.1,16.5,2.2,35.29999999979634,20.62,2.255,2853.999999517342,2550.0,25.7
Guinea-Bissau,688.0,-27.593063972341724,4.8,1.1,3.4810054494598845,0.48,2.63,40.99999999940229,84.00000000006867,10.0,45.1,0.04999999998841531,0.013000000018337232,78.5,16.0,390.0,94.0,50.7,-2125.557984216215,12.4,4.402,30.30000000002994,9.5,3.9,18.0,54.0,3194.0000000025902,2.44,60.2,13.0,10.0,19.5,20.9,2.1,35.299999999978695,19.88,8.003,2853.9999995734543,2270.0,26.75
Guyana,661.0,45.37,6.3,14.2,3.5568681685070986,0.682,6.01,40.99999999957811,83.99999999988336,64.0,7.3,0.05,0.013000000482406904,29.3,13.000000000169166,2015.0,36.0,44.6,2065.765115820532,40.9,2.44,26.9,20.2,37.3,27.5,56.8,3194.00000003507,0.57,65.7,31.8,239.0,49.9,21.5,6.3,35.29999999999774,141.68,17.972,42.0,2740.0,26.0
Haiti,715.0,-26.06666073554385,5.8,6.7,1.5311779463991084,0.51,4.22,40.999999999538204,85.0,96.0,0.05,0.05,0.012999999929718342,62.8,13.000000000700311,1075.0,24.0,41.1,1028.1165586154043,11.2,2.887,12.4,22.7,12.2,24.1,52.7,3193.999999951833,1.2,64.1,15.3,97.0,8.5,23.7,2.5,34.0,18.98,2.607,2854.0000004814938,1850.0,24.9
Honduras,2575.0,16.659282385898962,4.0,38.9,11.272741700649219,0.634,5.36,40.999999999816566,83.99999999933425,88.0,0.3,0.1,0.013000000080353402,16.8,12.999999999705324,2372.0,38.0,52.1,5690.996378531148,2.6,2.427,30.299999999916366,21.4,31.1,24.4,60.2,3194.0000000456057,1.63,71.9,24.7,237.0,66.3,21.2,6.0,1235.0,91.33,4.694,102.0,2610.0,23.5
Hungary,16879.0,193.8,11.4,2.5,3.5931210668911344,0.854,6.56,32.0,39.0,58.94,0.5,0.05,0.3,3.7,12.0,6647.0,160.0,30.6,2150.0,11.8,1.49,40.0,26.4,76.9,43.6,65.0,1426.0,-0.34,76.4,100.7,169.0,99.1,29.3,4.7,10.0,159.05,690.291,11645.0,3470.0,9.75
Iceland,71345.0,198.93411505547732,9.1,0.9,6.011460681442517,0.949,9.37,40.0,83.99999999924262,75.1,0.2,0.4,0.013000000140038992,2.0,15.0,1894.999999994172,81.0,26.8,4420.0,11.2,1.75,30.3,21.9,97.8,37.1,77.1,3194.00000010262,0.77,82.3,84.8,33.0,64.6000000000073,32.7,7.5,10.3,225.82,2022.494,1767.0,3260.0,8.1
India,2116.0,55.76,5.7,3.1,2.9,0.645,6.61,40.9999999996399,90.0,2.3,14.6,0.8,0.03,34.3,7.0,709.0,20.2,37.8,2129.559850458521,12.9,2.202,48.9,3.9,61.6,28.7,55.2,554.0,1.1,70.8,5.2,35.0,45.4,22.2,3.1,15.0,84.5,100.387,90000.0,2360.0,23.65
Indonesia,4136.0,48.58740615339093,0.8,0.4,2.7346210183988493,0.718,6.3,11.0,99.0,10.72,86.7,0.8,0.00063,23.9,12.0,2477.0,37.0,39.0,1471.4907206547261,2.6,2.288,41.8,6.9,79.3,31.1,65.8,3192.0,1.05,71.3,8.3,93.0,70.1,19.0,3.6,136.0,14.82,100.676,135081.0,2550.0,25.85
Iran,7282.0,41.90664834569213,1.0,2.5,4.293141708920446,0.783,2.2,41.00000000010681,73.0,0.4,99.4,0.05,0.053,13.9,15.0,1275.0,2.0,40.8,286.7609225850838,5.1,2.146,21.4,25.8,95.5,31.7,51.1,49714.0,1.04,77.3,23.1,228.0,36.8,23.8,4.0,1.9,46.69,590.537,102691.0,3050.0,17.25
Iraq,573.0,27.839433057471638,0.4,10.1,6.176200267993481,0.674,3.62,41.00000000063898,84.0,3.0,95.7,0.05,0.012999998808084001,25.9,9.0,2538.0,44.0,29.5,2469.894220117255,4.7,3.597,28.0,30.4,49.2,21.2,60.999999995941494,119664.0,2.78,72.4,34.94999999997262,126.0,20.4,25.3,3.5,304.0,22.18,158.013,2854.000000364613,2749.99999999743,21.4
Ireland,81637.0,112.81,13.0,0.9,3.3604206364684956,0.955,9.05,52.0,54.0,83.8,1.4,0.2,0.016,3.3,10.0,23395.0,701.0,32.8,4912.0,8.9,1.7,35.5,25.3,83.5,37.8,80.5,3193.9999998725834,0.78,81.8,106.3,74.0,64.60000000005431,34.8,3.7,16.0,291.86,1488.786,2854.0000002712477,3590.0,9.3
Israel,46376.0,147.36,3.8,1.5,5.6,0.919,7.84,46.0,51.0,3.5,18.0,0.3,40.0,3.7,12.0,17842.0,33.0,39.0,2826.0,5.2,3.01,31.3,26.1,81.0,30.4,72.8,47.0,1.55,82.6,97.1,234.0,79.8,25.0,5.8,29.0,193.6,1459.76,8411.0,3530.0,19.2
Italy,3309.0,90.93,7.5,0.6,1.6,0.892,7.74,25.0,72.0,83.0,4.8,0.2,0.17,3.1,14.0,1894.9999999892461,141.0,35.9,3485.0,4.3,1.27,26.4,19.9,83.4,46.5,62.2,1189.0,-0.13,83.0,90.4,89.0,96.7,31.3,3.8,8.4,246.88,1175.048,61966.0,3650.0,13.45
Ivory Coast,2276.0,49.33,8.4,9.245415997503756,4.562493052407344,0.538,4.11,40.999999999508475,88.0,32.8,42.9,0.05,0.013000000114118393,79.3,10.0,750.0,24.0,41.5,-1040.8002252663937,15.7,4.593,20.4,10.3,42.5,20.3,62.4,1265.0,2.49,62.9,11.3,82.0,18.0,19.5,5.1,117.0,6.36,9.893,2853.9999997378327,2500.0,26.35
Jamaica,5369.0,37.95,4.2,43.9,-0.8041917560580725,0.734,7.13,40.99999999967855,70.0,65.3,0.2,0.05,0.0013,13.9,13.000000000824912,273.0,122.0,45.5,7049.828196417364,2.3,1.965,19.3,24.7,48.0,29.4,68.6,3194.0000000054424,0.29,76.0,56.8,137.0,66.6,33.2,5.4,35.2999999997337,91.13,55.88,2854.0000001657754,2840.0,24.95
Japan,40063.0,167.18,8.0,0.3,1.0,0.919,8.13,60.0,24.0,2.3,0.1,36.2,0.0063,2.5,11.0,15646.0,96.0,32.9,4504.0,12.2,1.36,33.3,4.3,91.5,48.6,72.1,30.0,-0.23,84.67,45.9,38.0,64.60000000008623,29.3,3.6,0.3,72.06,776.661,139078.0,2800.0,11.15
Jordan,4405.0,67.35,0.7,1.4,3.1022665673906973,0.729,3.62,40.999999999734825,96.0,6.0,97.2,0.4,0.012999999907549409,15.6,13.000000000686668,5408.0,83.0,33.7,1056.0549801409188,2.0,2.691,30.299999999958146,35.5,65.0,23.5,66.5,3194.0000000792497,2.17,77.9,29.8,198.0,87.7,23.8,3.6,0.0,77.68,263.614,511.0,3000.0,18.3
Kazakhstan,9793.0,56.12,7.7,5.1,6.2144854566579815,0.825,3.14,41.000000000236355,53.0,26.2,70.2,0.2,0.016,10.5,14.0,887.0,91.0,27.5,1219.4547312162833,18.1,2.9,33.2,21.0,75.9,31.6,65.4,88686.0,1.13,74.0,44.8,157.0,99.5,24.3,2.8,0.6,288.12,129.206,1226.0,3510.0,6.4
Kenya,1817.0,31.74673625538054,3.4,4.9,2.131077464685702,0.601,5.05,40.99999999958129,94.0,85.1,11.2,0.05,0.0019,43.2,8.0,755.0,26.0,40.8,3717.45651908271,11.0,3.423,18.7,7.1,17.2,20.0,55.1,3193.9999999676947,2.49,66.1,14.3,81.0,54.0,20.2,5.2,73.3,94.86,24.264,300.0,2030.0,24.75
Kuwait,31999.0,130.66,0.0,1.8,15.516621159858058,0.806,3.8,41.00000000507629,91.0,15.0,74.6,2.8,0.012999992920867953,7.9,7.0,2372.0,51.0,36.399999999275224,761.2334246250057,2.7,2.077,26.3,37.9,98.0,29.7,60.8,721575.0,1.78,81.0,60.2,117.0,69.5,27.5,3.8,35.300000002366914,157.66,242.67,196.0,3030.0,25.35
Kyrgyzstan,1318.0,48.12,6.2,2.2,3.6579157390168517,0.697,4.21,40.99999999958362,72.0,14.2,85.0,0.05,0.0025,18.3,14.0,196.0,112.0,27.7,4229.519549680101,8.3,3.3,31.7,16.6,36.6,27.3,62.3,169.0,1.44,74.2,39.0,161.0,92.5,21.8,6.1,35.299999999959596,210.92,21.732,1455.0,2660.0,1.55
Laos,2625.0,43.98,10.4,-5.378500236816166,4.032386364423293,0.613,1.77,40.99999999945254,97.0,2.2,0.05,66.1,0.01299999978868982,45.5,15.0,1869.0,53.0,36.4,-3937.9181290311935,6.0,2.626,61.1,5.3,24.8,24.0,57.4,3193.9999998367275,1.45,68.5,15.0,130.0,58.6,20.5,2.9,35.30000000023978,2.92,12.32,88.0,2240.0,22.8
Latvia,17885.0,128.69,12.9,4.4,4.662690496151987,0.866,7.24,40.0,39.0,75.0,0.15,0.05,0.029,3.6,14.0,6853.0,126.0,35.6,1856.0,16.1,1.61,40.5,23.6,82.2,44.4,70.4,3194.0000000461005,-1.03,75.4,45.7,175.0,99.9,28.2,4.7,35.3,174.11,735.302,2910.0,2990.0,5.6
Lebanon,7784.0,43.94911497679999,1.5,2.5,2.0961198354114434,0.744,4.16,40.99999999979201,87.0,39.5,57.7,0.2,0.013000000131796696,7.2,13.00000000077307,5212.0,63.0,31.8,3378.6642920019694,2.8,2.075,44.1,32.0,69.3,33.7,51.1,3193.99999991653,0.57,76.4,63.1,205.0,60.2,28.8,2.5,35.300000000027126,114.52,258.914,3686.0,3090.0,16.4
Lesotho,1158.0,37.870158708565214,5.0,43.6,3.5843849971304094,0.527,6.3,40.999999999498584,83.9999999993554,90.0,0.1,0.05,0.013000000913450549,86.4,13.000000000296495,978.0,53.0,44.9,-2400.4041207087002,87.5,3.108,23.5,16.6,31.6,24.7,53.1,3194.000000335771,1.31,50.7,15.4,92.0,51.4,20.9,6.5,35.29999999959466,25.35,9.012,2853.9999992512167,2460.0,11.85
Liberia,523.0,-21.41144511128408,5.8,3.3,1.6573120030658788,0.48,5.32,40.999999999400075,94.0,85.5,20.0,0.05,0.012999999929377282,84.6,13.000000000443833,774.0,51.0,35.3,255.96162916858975,7.4,4.247,14.2,9.9,7.8,18.0,49.7,3194.0000000242435,2.52,64.1,7.9,54.0,32.8,18.9,2.3,35.299999999849774,3.04,5.188,2853.999999621883,2200.0,25.3
Libya,481.0,23.986704370613097,0.0,1.8943259752586528,7.5577999064078245,0.724,1.95,41.0000000008219,83.99999999919919,2.7,97.0,0.3,0.012999998950306235,11.5,14.0,3863.0,9.0,36.39999999973156,3595.7886676599305,4.5,2.206,30.300000000206325,32.5,20.8,25.8,60.999999999896886,159383.0,1.33,75.8,28.6,139.0,24.2,29.2,2.3,405.0,75.0,24.257,26.0,3150.0,21.8
Lithuania,19795.0,132.67,15.0,4.6,5.801412556172612,0.882,7.13,55.0,42.0,83.7,0.1,0.05,0.015,3.7,14.0,8054.0,74.0,37.3,2385.0,20.2,1.61,36.3,26.3,80.1,44.5,74.2,689.0,-0.55,76.0,49.5,216.0,99.8,27.3,4.0,14.1,295.46,809.278,3075.0,3430.0,6.2
Luxembourg,115481.0,154.26,13.0,0.3,4.019295832567546,0.916,8.68,50.0,39.0,72.4,2.3,0.05,0.0038,2.8,18.0,28438.0,22.1,34.9,5216.0,8.6,1.34,29.5,22.6,94.5,39.5,75.9,3193.9999999752326,1.27,82.4,141.7,83.0,64.6000000001053,31.1,4.0,37.5,255.3,1438.158,2000.0,3680.0,8.65
Madagascar,523.0,41.4,1.9,2.838418355049015,1.5212083437451818,0.528,5.7,40.99999999955065,93.0,85.0,10.0,0.05,0.00063,50.6,13.000000000753971,397.0,41.0,42.6,3137.208678160238,9.2,4.026,44.0,5.3,9.5,20.3,56.6,3193.999999998661,2.67,65.3,17.6,102.0,49.4,18.4,2.8,35.299999999983754,24.84,4.836,119.0,2130.0,22.65
Malawi,435.0,16.814107906165134,3.7,1.8,1.2140301186186755,0.483,5.74,40.999999999664624,99.0,81.95,20.0,0.05,0.013000000004410595,41.6,13.000000000309228,288.0,39.0,44.7,2610.796171161605,10.6,4.127,25.8,5.8,14.1,16.8,51.4,3193.9999999525025,2.87,65.6,5.1,71.0,35.1,17.9,4.0,35.3000000000838,7.98,12.732,117.0,2150.0,21.9
Malaysia,11414.0,103.34,0.9,2.1,3.1392896431844504,0.81,7.19,40.999999999905754,96.0,9.2,61.3,19.8,0.012999999994633527,8.6,10.0,2663.0,68.0,41.0,2537.2228666378714,5.8,1.983,28.9,15.6,80.4,29.2,74.0,21202.0,1.35,74.7,50.9,212.0,47.1,25.7,4.7,35.300000000011494,25.28,750.475,15354.0,2890.0,25.4
Mali,887.0,7.744338675588722,1.3,3.4534181365370955,5.906955281140958,0.434,3.93,40.99999999944612,95.0,2.4,95.0,0.05,0.013000000076033302,94.0,13.000000000460204,583.0,26.0,33.0,-430.79577934158306,8.0,5.785,13.0,8.6,12.4,16.1,58.1,3194.0000000522123,2.99,62.8,19.0,33.0,13.6,16.7,3.1,164.0,98.68,4.718,14.0,2590.0,28.25
Malta,33752.0,134.48,8.1,1.6,2.7543595067302498,0.895,7.68,40.99999999981043,86.0,91.6,2.6,0.05,0.00063,7.0,13.000000001400622,10668.0,691.0,29.2,3001.295700110029,5.3,1.1,33.9,28.9,78.5,42.3,68.6,3193.99999998117,0.31,81.9,86.9,153.0,85.8,29.2,5.3,35.299999999886154,190.06,960.733,404.0,3600.0,19.2
Mauritania,1678.0,18.700176684343717,0.0,3.9542598469775214,4.522716420561444,0.546,3.92,40.99999999945618,98.0,0.14,99.9,0.04999999985244585,0.012999999964563358,72.9,7.0,981.0,76.0,32.6,1771.8630389534408,5.5,4.503,30.29999999986441,12.7,20.9,21.0,55.7,3194.0000000531436,2.69,68.4,29.9,53.0,26.6,19.0,2.6,35.29999999989229,160.82,4.542,2853.999999646563,2810.0,27.65
Mauritius,11169.0,107.58948936812817,3.6,2.9,2.580896292425985,0.804,8.14,40.99999999961375,84.00000000010527,32.2,17.3,0.05,0.013000000123497557,16.0,12.999999999969987,2983.0,2.01,36.8,5900.561586209202,8.8,1.4,35.9,10.8,55.5,36.3,73.0,3194.000000033586,0.23,74.1,39.6,218.0,64.6,25.4,4.8,35.29999999988951,117.27,106.789,80.0,2930.0,22.4
Mexico,9849.0,48.35,6.5,29.1,2.762677100192769,0.779,6.07,21.0,73.0,88.9,0.01,0.05,0.25,14.2,12.0,3266.0,43.0,45.4,1145.0,5.3,2.103,24.1,28.9,69.0,29.3,64.7,17142.0,1.23,76.0,58.6,166.0,78.9,26.0,4.9,35.4,111.87,129.534,7521.0,3260.0,21.0
Moldova,2957.0,114.01,15.2,4.079995342279517,2.8667667542030286,0.75,5.78,40.99999999973181,72.0,95.3,0.4,0.04999999993805204,0.012,14.4,14.0,1895.0,70.0,25.7,2863.8350039173756,12.2,1.269,24.5,18.9,76.1,37.7,59.1,3194.000000019063,-0.24,73.3,22.7,182.0,95.8,25.8,6.7,35.300000000008595,155.18,51.827,2854.000000390224,2850.0,9.45
Mongolia,4295.0,43.67,7.4,6.2,2.16987474507306,0.737,6.48,40.9999999997151,83.99999999995703,1.3,5.0,55.1,0.012999999969622422,15.6,14.0,1892.0,245.0,32.7,664.6528651594035,18.0,2.867,38.5,20.6,23.0,29.8,55.4,7739.0,1.5,68.1,108.8,154.0,94.6,26.0,4.1,35.29999999998546,139.82,44.476,285.0,2240.0,-0.7
Montenegro,8825.0,64.44,8.0,2.2,5.304528024631242,0.829,5.77,40.99999999977575,71.0,78.8,19.1,0.05,0.01300000031375248,2.3,14.0,2645.0,151.0,39.0,2763.470389437864,16.2,1.748,30.29999999996764,23.3,80.4,39.6,60.5,3193.999999934953,0.04,75.9,34.95000000000685,172.0,93.9,28.6,4.300000000003699,35.30000000009636,349.21,398.21,2854.0000000405125,2700.0,10.55
Morocco,3282.0,81.73601383425125,0.6,1.4,3.267631151295552,0.686,5.04,40.999999999776776,97.0,1.0,99.0,0.05,0.013,21.4,12.0,3736.0,46.0,39.5,3434.594245290901,7.3,2.382,23.4,26.1,61.3,29.1,62.9,4.0,1.26,73.0,20.6,238.0,34.1,25.5,5.4,35.29999999990895,54.68,140.359,3677.0,3260.0,17.1
Mozambique,504.0,12.208668816140687,2.4,3.5,5.37344016015785,0.456,3.51,40.99999999957208,86.0,56.1,17.9,0.05,0.013000000011174961,74.2,16.0,576.0,72.0,54.0,-1987.0767288886136,23.2,4.783,27.8,7.2,20.9,17.0,48.6,3194.0000000786385,2.86,58.1,5.6,63.0,26.0,17.5,6.5,246.0,4.79,4.713,2853.9999996379483,2070.0,23.8
Myanmar,1421.0,91.16619245295652,4.8,2.3,4.597733000043813,0.583,3.04,40.99999999955918,97.0,6.2,6.300000000021555,89.9,0.012999999811199814,44.7,7.0,672.0,17.0,30.7,-2211.632305293122,3.0,2.138,63.3,20.400000000013684,30.5,30.00000000000388,53.6,284.0,0.9,69.1,10.7,171.0,58.2,20.5,2.2,93.7,31.48,4.301,3660.0,2749.9999999989063,13.05
Namibia,4957.0,75.3746351768309,9.8,17.7,2.605228260136598,0.646,6.52,40.99999999970049,92.0,90.0,0.4,0.05,0.00063,42.4,12.999999999651664,1895.0000000096043,64.0,59.1,3785.398614867427,13.5,3.344,27.0,17.2,38.1,21.8,58.7,3193.9999999948486,2.12,64.6,34.0,295.0,56.7,29.2,8.4,35.29999999996369,73.05,63.718,106.0,2360.0,19.95
Nepal,1074.0,59.71890729511034,2.0,2.3,2.9564354755060416,0.602,5.22,40.99999999947181,93.0,0.9,4.2,10.3,0.013000000241788712,30.8,10.0,143.0,16.0,32.8,3646.449581412467,9.8,1.876,64.2,4.1,35.9,25.3,53.8,3194.000000012369,1.09,70.9,10.0,86.0,20.8,17.9,5.2,35.300000000017235,52.1,28.189,2853.999999714084,2340.0,1.75
Netherlands,53053.0,152.94,8.7,0.6,3.895605867534382,0.944,8.96,45.0,33.0,40.4,5.1,0.2,0.19,4.0,12.0,23315.0,453.0,28.5,5436.0,9.3,1.57,32.2,20.4,93.1,42.8,76.8,107.0,0.29,81.8,89.3,63.0,64.6000000000102,30.9,5.5,21.0,341.47,1785.333,16502.0,3000.0,9.25
New Zealand,43264.0,153.88,10.7,0.7,2.2808727438777994,0.931,9.25,39.0,33.0,37.0,0.9,1.6,0.048,4.7,10.0,27407.0,90.0,36.39999999974134,4025.0,10.3,1.72,29.6,30.8,90.1,37.2,84.4,7633.0,0.93,82.0,142.1,188.0,64.5999999999237,29.4,6.4,86.0,137.25,1663.247,3600.0,2810.0,10.55
Nicaragua,1913.0,19.799769737233476,5.2,7.2,1.9968072076276666,0.66,3.6,40.99999999960028,70.0,84.6,0.05,0.05,0.013000000004410595,16.6,13.0,1599.0,83.0,46.2,4562.449265440437,4.7,2.377,30.29999999988658,23.7,26.8,27.3,57.7,3194.0000000043656,1.07,75.0,14.9,332.0,49.2,20.6,4.3,35.30000000007715,85.16,6.805,27.0,2420.0,24.9
Niger,555.0,20.998780036173514,0.5,4.4,4.00101048196614,0.394,3.29,40.99999999960323,100.0,0.5,98.3,0.049999999899171144,0.012999999886915248,80.4,13.000000000662112,615.0,36.0,34.3,817.8223046765784,10.1,6.824,7.9,5.5,9.8,14.8,51.6,631.0,3.81,63.3,11.2,47.0,13.7,15.7,3.5,35.29999999999865,58.92,2.451,2853.9999996030238,2390.0,27.15
Nigeria,2361.0,49.52808019180617,13.4,34.5,19.15528628285653,0.539,4.1,40.999999999540876,96.0,49.0,53.5,0.05,0.00063,117.2,7.0,1108.0,2.0,35.1,-3561.8482898828915,6.9,5.317,7.3,8.9,69.5,18.6,57.3,10752.0,2.58,62.6,8.6,32.0,21.6,19.3,4.300000000001347,1658.0,7.91,28.6,1314.0,2710.0,26.8
North Macedonia,6093.0,37.2,7.4961483194651635,5.79919419601373,2.1518626565958634,0.774,5.89,40.99999999980929,76.0,70.7,33.3,0.05,0.00063,6.1,14.0,2293.0,73.0,34.2,3170.3612377029235,7.2,1.489,30.300000000021868,22.4,76.3,39.0,71.1,3193.999999915308,0.08,74.8,35.4,105.0,64.59999999998955,26.0,3.3,35.300000000036334,157.93,236.683,2854.00000009872,2750.0000000003693,9.8
Norway,74986.0,159.99,7.5,0.5,9.342326193013651,0.957,9.81,48.0,22.0,76.7,3.2,0.6,0.0082,2.4,15.0,1895.0000000175132,181.0,27.0,6283.0,11.8,1.53,43.0,23.1,95.9,39.5,73.0,313661.0,0.94,82.6,61.7,49.0,64.60000000019306,31.9,8.0,7.0,261.34,2211.144,10204.0,3450.0,1.5
Oman,15343.0,57.53,0.8,0.3,6.370916059203564,0.813,3.0,41.000000001645276,100.0,6.5,86.0,0.8,0.01299999774880689,11.4,9.0,10143.0,35.0,36.39999999956444,1162.2151030145592,4.5,2.842,9.5,27.0,77.0,26.2,61.0,217178.0,4.08,73.9,49.8,45.0,41.9,24.8,6.8,35.30000000058385,152.28,177.245,7.0,2749.9999999945812,25.6
Pakistan,1187.0,-5.776224828554689,0.3,3.9,13.784710500320571,0.557,4.31,40.99999999956185,92.0,1.6,96.5,0.05,0.013000000152828761,67.2,7.0,1539.0,43.0,33.5,-186.57958853207083,0.6,3.454,41.5,8.6,55.6,22.0,55.0,400.0,1.91,65.6,12.3,38.0,27.1,18.3,2.9,943.0,183.13,60.802,3811.0,2280.0,20.2
Panama,15728.0,125.25,7.9,9.4,2.55741443278668,0.815,7.18,40.99999999961631,88.0,92.0,0.7,0.2,0.063,14.9,12.0,3819.0,157.0,49.2,4941.320072438284,2.9,2.437,16.9,22.7,56.8,30.1,67.2,3194.0000000006694,1.55,79.3,54.5,420.0,80.9,21.6,4.1,35.29999999996818,70.29,41.419,940.0,2450.0,25.4
Paraguay,5406.0,56.89,7.2,7.1,1.0242440727641768,0.728,6.18,40.99999999968878,92.0,96.0,0.05,0.05,0.0063,19.4,14.0,4402.0,54.0,46.2,2718.0032691109004,6.2,2.405,29.8,20.3,59.8,29.7,61.8,3193.9999999482825,1.25,75.8,70.3,241.0,77.8,22.7,3.4,35.30000000006612,75.72,14.088,1007.0,2660.0,23.55
Peru,6978.0,51.81,6.3,7.9,2.8059643935461756,0.777,6.53,40.99999999959573,84.0,87.0,0.05,0.2,0.012,13.2,14.0,3344.0,44.0,42.8,4909.544723848387,2.7,2.233,33.9,19.7,49.0,29.1,67.8,1267.0,1.2,79.9,34.5,290.0,77.7,23.5,3.9,223.0,62.15,50.955,4101.0,2410.0,19.6
Philippines,3324.0,49.31,6.6,6.5,4.606218004363702,0.718,6.56,40.99999999963404,96.0,85.0,8.0,0.05,0.00063,27.3,15.0,2696.0,27.0,44.4,1726.9816731137553,2.5,2.526,35.3,6.4,68.5,24.1,63.8,193.0,1.51,70.4,31.1,200.0,90.1,25.3,2.7,424.0,15.66,20.975,1507.0,2580.0,25.85
Poland,15727.0,130.98,11.6,0.7,3.77356534072853,0.88,6.85,43.0,75.0,94.3,0.02,0.05,0.029,4.4,13.0,9408.0,60.0,29.7,2114.0,9.3,1.42,40.8,23.1,91.5,41.9,67.8,525.0,-0.17,78.3,78.1,181.0,93.0,27.0,4.6,8.0,205.39,940.44,21130.0,3410.0,7.85
Portugal,2335.0,150.39,12.3,0.8,1.9565153279778915,0.864,7.9,33.0,72.0,84.3,0.4,0.6,0.0038,3.7,16.0,9594.0,203.0,33.8,3097.0,7.2,1.42,25.3,20.8,74.3,44.6,65.3,3193.9999999760475,-0.39,81.6,91.1,111.0,80.5,31.0,4.9,3.0,205.04,1393.792,7868.0,3580.0,15.15
Qatar,64782.0,105.2,2.0,0.4,5.658134485864094,0.848,3.24,40.99999999971726,95.0,13.8,77.5,3.1,0.013000000253668986,6.5,7.0,1894.9999999937354,83.0,36.399999999989404,493.51741599521483,4.7,1.846,15.6,35.1,91.0,33.7,72.6,500.0,2.36,77.2,90.5,53.0,41.0,25.4,2.9,35.299999999983584,108.46999999993676,540.321,209.0,2749.9999999966594,27.15
Romania,12914.0,214.33,12.6,1.3,3.6740740112434844,0.828,6.4,40.99999999991087,84.0,98.0,0.65,0.05,0.057,7.0,14.0,6513.0,58.0,36.0,4527.643624011947,7.3,1.76,42.0,22.5,64.3,42.5,68.6,25469.0,-0.5,75.6,54.5,116.0,96.8,26.7,3.1,7.0,238.33,530.347,14984.0,3490.0,8.8
Russia,11606.0,87.01,11.7,8.2,4.3,0.824,3.31,58.0,34.0,61.8,12.5,0.1,1.0,5.8,14.0,2371.0,32.0,37.5,2751.028034873455,21.6,1.504,34.2,23.1,85.1,40.3,58.9,73292.0,0.01,73.2,51.0,325.0,99.2,24.9,3.7,4.0,163.57,559.78,115171.0,3320.0,-5.1
Rwanda,820.0,118.23143392227234,9.0,2.6,3.646335559420473,0.543,3.1,40.999999999689294,95.0,93.6,4.8,0.04999999987904857,0.012999999791588834,34.3,14.0,1895.0000000110595,29.0,43.7,5412.383296793751,9.5,3.99,20.2,5.8,21.6,19.7,71.1,3193.999999955471,2.36,69.1,4.4,511.0,24.3,20.6,3.1,35.300000000132854,7.23,13.819,2854.000000615604,2090.0,17.85
Saudi Arabia,2314.0,90.24,0.2,1.3,8.4,0.854,2.08,26.0,93.0,5.0,98.2,0.3,0.013000000075578555,6.6,12.0,96.0,31.0,36.39999999949714,-280.69664656652094,5.4,2.275,17.2,35.4,80.3,30.8,60.7,324866.0,1.9,74.3,44.6,126.49999999992554,51.4,20.4,5.6,35.300000001086175,83.65,323.356,2387.0,3120.0,24.65
Senegal,1452.0,35.32,0.7,0.3,2.7928268836344308,0.512,5.67,40.99999999971652,96.0,4.2,96.1,0.3,0.013000000095814812,45.3,13.0,649.0,42.0,40.3,1950.0119616403667,11.0,4.556,14.7,8.8,29.6,19.4,56.3,3193.999999991356,2.77,68.6,17.7,68.0,21.5,19.9,4.8,35.30000000000746,16.86,24.473,2853.9999997329433,2280.0,27.85
Serbia,7359.0,77.88,11.1,1.2,2.241280660925146,0.806,6.22,40.99999999972027,54.0,91.0,3.1,0.05,0.0089,5.3,14.0,341.0,62.0,36.2,3817.7773765595784,7.9,1.52,45.9,21.5,70.2,43.4,63.9,2272.0,-0.34,75.9,34.949999999984186,158.0,96.6,28.1,4.0,28.5,148.53,652.98,11897.0,2700.0,10.55
Seychelles,17382.0,81.83516974690343,13.8,12.5,1.9525994673269071,0.796,5.754999999986467,40.99999999969771,84.00000000030946,94.7,1.1,0.05,0.012999999963199116,14.2,13.000000000121872,3957.0,180.0,46.8,4725.347468591504,7.7,2.34,25.7,14.0,57.3,36.8,61.4,3193.9999999230495,0.5,73.3,51.1,324.0,71.5,25.2,4.4,35.30000000006822,79.23,102.991,2854.0000005518086,2400.0,27.15
Sierra Leone,528.0,-50.36782806654975,5.7,1.7,4.209587046801567,0.452,4.86,40.99999999926223,83.99999999960983,15.45,78.6,0.3,0.013000000226384145,109.2,14.0,666.0,36.0,35.7,-2043.3950600169046,11.3,4.169,37.0,8.7,13.1,19.1,47.5,3194.0000000495347,2.12,60.8,6.1,60.0,3.7,17.1,4.6,35.2999999998263,7.0,5.359,2853.9999994712416,2120.0,26.05
Singapore,64103.0,245.5,2.5,0.2,7.155525796719838,0.938,6.03,40.99999999956765,70.0,18.0,15.6,33.9,0.0057,2.5,10.0,1894.999999961714,471.0,36.40000000008581,1317.5441536843152,9.7,1.14,16.6,6.1,83.7,35.6,89.4,3194.0000001021544,1.4,83.2,71.1,185.0,84.0,27.9,2.9,35.29999999988996,108.47000000001265,1990.274,12000.0,2750.0000000012305,26.45
Slovakia,19256.0,101.28,11.5,1.1,4.313413287153226,0.86,6.97,31.0,47.0,80.0,0.15,0.05,0.016,5.8,14.0,841.0,112.0,25.2,2142.0,9.3,1.56,32.1,20.5,81.5,41.8,65.0,37.0,0.04,78.2,67.4,190.0,64.59999999997056,28.1,3.9,35.2999999999671,143.14,975.974,9400.0,2900.0,6.8
Slovenia,26062.0,108.47,12.6,0.5,2.911292385061505,0.917,7.54,41.0,47.0,68.0,3.6,0.05,0.00063,2.1,14.0,12153.0,104.0,24.2,3042.0,14.0,1.61,25.3,20.2,79.0,44.9,65.5,3194.0000000578,0.07,81.3,88.0,53.0,99.3,29.0,4.8,18.3,235.01,1542.951,2853.9999997629784,3220.0,8.9
South Africa,6001.0,43.91,9.3,36.4,1.3295966672620136,0.709,7.05,14.0,85.0,79.8,1.9,0.2,0.43,34.5,12.0,3239.0,57.0,63.0,2485.1983332801865,23.5,2.381,38.1,28.3,55.1,28.0,58.3,35.0,1.2,65.3,39.0,248.0,72.1,29.0,6.2,36.0,55.75,225.098,5418.0,3000.0,17.75
South Korea,32143.0,241.58,10.2,0.6,2.8,0.916,8.01,69.0,43.0,27.6,0.1,22.9,0.00063,3.2,12.0,18695.0,33.0,31.6,3085.0,21.2,0.864,35.0,4.7,96.6,43.2,72.3,3194.000000024127,0.36,83.06,48.0,105.0,64.59999999999722,30.4,5.1,2.0,29.05,1297.123,63476.0,3040.0,11.5
Spain,29816.0,186.4,10.0,0.6,1.9175896241184778,0.904,8.12,41.0,49.0,59.2,2.6,0.05,0.074,3.1,14.0,15187.0,170.0,34.7,3430.0,5.3,1.24,37.5,23.8,90.8,43.9,65.7,57.0,0.03,83.2,118.6,122.0,94.7,32.3,4.2,6.4,164.29,1167.994,89962.0,3260.0,13.3
Sri Lanka,394.0,102.70086314874635,4.3,2.4,2.1335104499147355,0.782,6.14,40.999999999606246,100.0,7.5,9.7,69.3,0.013000000136969447,7.1,12.0,671.0,68.0,39.8,1390.9131434368524,12.9,2.188,28.3,5.2,33.5,33.7,56.4,3193.999999820313,0.35,76.9,6.6,135.0,81.0,23.8,2.8,35.30000000010796,34.98,63.499,4115.0,2370.0,26.95
Sudan,815.0,-11.847209694215223,0.5,5.1,10.066126466771433,0.51,2.54,40.99999999956094,93.0,1.5,97.0,0.05,0.013000000164822723,58.4,12.0,84.0,121.0,35.4,491.1514960974705,4.8,4.347,30.29999999991739,6.6,29.9,18.3,47.7,3193.9999999485444,2.38,69.1,21.0,52.0,24.3,22.7,2.2,623.0,155.2,9.521,2854.000000041444,2280.0,26.9
Suriname,636.0,44.477539801291016,5.1,5.4,2.0741100046676557,0.738,6.82,40.99999999987722,84.00000000042178,51.5,14.3,0.6,0.0013,18.0,13.000000001562512,1895.000000004984,30.0,57.6,1777.395057680354,25.9,2.394,30.29999999997628,26.4,47.9,31.0,48.1,30465.0,0.87,71.5,40.3,183.0,76.0,29.3,4.300000000016581,35.30000000004867,48.97,29.514,47.0,2460.0,25.7
Sweden,52896.0,169.0,9.2,1.1,6.456379989969439,0.945,9.26,46.0,17.0,64.3,8.1,0.4,0.095,2.6,15.0,1895.0000000260625,169.0,28.8,5434.0,12.4,1.7,52.7,20.6,95.8,41.1,75.2,3194.000000097265,0.72,82.4,76.1,68.0,64.60000000003062,33.5,7.7,36.0,341.23,2047.908,4074.0,3110.0,2.1
Switzerland,85135.0,188.69,11.5,0.6,5.8601365975723585,0.955,8.83,49.0,41.0,68.0,5.2,0.4,0.12,4.0,10.0,1895.000000043503,285.0,32.7,7280.0,9.8,1.48,28.5,19.5,93.2,42.7,81.9,3194.0000001598964,0.83,83.92,72.9,80.0,64.60000000008479,30.1,5.1,6.0,318.69,2507.621,12156.0,3450.0,5.5
Syria,1194.0,105.42654061203092,0.3,0.9,38.004620485331074,0.567,1.43,40.999999999859995,89.0,10.0,87.0,0.04999999994817017,0.00063,21.5,10.0,96.0,24.0,35.8,497.807499299287,2.1,2.771,30.29999999988891,27.8,36.9,23.5,60.999999993243705,1627.0,0.2,72.7,21.2,60.0,39.0,26.3,5.1,3753.0,111.43,16.229,1138.0,3040.0,17.75
Tajikistan,894.0,34.64271319108394,3.3,1.6,2.5001770510158305,0.668,1.94,40.99999999953303,85.0,1.4,97.9,0.05,0.013000000023225766,33.8,14.0,315.0,38.0,34.0,3304.640994644916,5.3,3.556,30.299999999949506,14.2,21.5,25.3,55.6,20.0,2.06,69.5,8.7,121.0,98.1,22.5,5.2,35.30000000003622,54.54,6.813,132.0,2190.0,2.0
Tanzania,1084.0,44.27980122926152,9.4,6.5,2.039386203859701,0.529,5.1,40.99999999962199,89.0,61.4,35.2,0.05,0.013000000018280389,50.3,7.0,209.0,34.0,40.5,2896.422236357582,8.2,4.832,23.6,8.4,16.3,18.2,60.2,3193.9999999956926,3.06,67.3,10.0,59.0,43.5,18.9,3.4,35.30000000004577,40.29,10.708,172.0,2020.0,22.35
Thailand,7785.0,206.81,8.3,2.6,4.129351121666345,0.777,6.04,40.99999999976876,97.0,1.2,5.4,93.2,0.0013,9.0,7.0,3316.0,33.0,36.4,2003.1322463776592,8.0,1.514,31.8,10.0,52.6,39.0,68.3,3667.0,0.22,77.7,27.9,449.0,78.7,21.0,4.1,0.4,29.35,181.722,6750.0,2540.0,26.3
Togo,899.0,27.97395010665656,3.1,8.769692641182758,4.171255979799238,0.515,2.8,40.99999999952888,80.0,29.0,20.0,0.05,0.013000000002023171,66.9,13.000000000230102,717.0,26.0,43.1,961.9698551132783,14.8,4.259,12.2,8.4,12.2,20.0,50.3,3194.000000086089,2.45,64.3,8.5,67.0,20.4,22.3,5.0,211.0,7.96,10.901,2854.0000003124587,2150.0,27.15
Trinidad and Tobago,16637.0,79.89,8.4,30.6,2.4175401112139956,0.796,7.16,41.00000000003314,92.0,57.6,5.8,0.3,0.012999999704618403,17.5,13.000000000703949,4619.0,76.0,40.3,5422.786781253779,8.3,1.711,30.300000000009362,18.6,76.2,37.8,57.0,44054.0,0.26,76.1,57.8,292.0,82.8,29.2,3.1,35.300000000074704,103.8,151.816,2854.000000271946,2700.0,25.75
Tunisia,3318.0,52.28662473910589,1.9,3.1,3.1747875612903416,0.74,6.59,40.999999999744716,93.0,0.1,99.8,0.05,0.0063,16.9,13.0,1902.0,97.0,32.8,4915.346334695767,3.2,2.174,39.7,26.9,55.3,32.7,55.4,4275.0,1.09,77.0,25.5,194.0,39.8,28.7,6.6,35.29999999989326,114.47,481.185,720.0,3330.0,19.2
Turkey,9127.0,75.04290047219871,2.0,2.6,6.385886100256592,0.82,4.48,28.0,82.0,0.2,89.5,0.05,0.094,10.0,12.0,7288.0,63.0,41.9,1224.0,2.3,2.055,35.4,32.01,75.4,32.2,64.6,622.0,1.37,78.6,19.3,335.0,88.1,24.8,4.4,8.5,193.94,407.286,75667.0,3500.0,9.9
Turkmenistan,8124.0,29.08239604948858,5.4,4.2,5.529027837423083,0.715,1.72,40.9999999997321,80.0,9.0,93.7,0.05,0.0013,42.0,14.0,1834.0,1.0,40.8,4680.974245242729,6.1,2.74,30.299999999959624,18.6,20.9,29.2,48.4,42549.0,1.61,69.7,41.7,552.0,97.6,23.3,3.0,35.30000000013746,137.09,0.684,450.0,2740.0,15.1
Uganda,737.0,31.459413399096434,9.5,10.5,2.9925392151593515,0.544,4.94,40.99999999961511,93.0,88.6,14.0,0.05,0.013000000072736384,45.8,12.0,417.0,24.0,42.8,2135.9588347769773,10.4,4.824,25.2,5.3,23.8,15.7,59.7,3193.9999999493593,3.23,66.7,11.7,124.0,36.1,18.2,2.6,143.0,37.27,15.75,288.0,2220.0,22.8
Ukraine,3496.0,67.52,8.6,6.2,2.606292211509792,0.779,5.81,40.999999999724594,46.0,81.9,1.7,0.05,0.3,8.4,14.0,3018.0,81.0,26.1,3408.0627381704953,17.7,1.228,38.8,24.1,66.6,41.2,52.3,720.0,-0.49,73.0,32.3,148.0,100.0,25.0,5.4,168.0,145.03,234.597,24416.0,3290.0,8.3
United Arab Emirates,43103.0,151.09,3.8,0.5,10.456220208187819,0.89,2.7,41.000000002161244,91.0,9.0,76.0,2.0,0.012999996949247361,7.5,7.0,1894.9999999886204,59.0,32.5,989.3141718554793,5.2,1.387,21.8,31.7,92.5,38.4,77.1,335103.0,1.39,76.1,74.4,104.0,42.1,25.3,1.3,35.30000000105866,132.66,326.551,293.0,3170.0,27.0
United Kingdom,41855.0,92.63,11.4,1.2,2.2,0.932,8.54,49.0,27.0,59.3,6.3,0.4,1.8,4.3,11.0,23656.0,345.0,34.8,4290.0,6.9,1.65,35.2,27.8,96.8,40.6,78.9,14284.0,0.58,81.4,79.6,126.49999999996544,64.59999999993047,31.5,5.5,54.4,232.2,1454.849,188000.0,3450.0,8.45
United States,65134.0,191.97,9.8,5.0,3.7,0.926,7.92,47.0,69.0,69.0,1.1,1.2,36.0,6.5,13.000000003961759,1508.0,102.0,41.4,10637.0,14.5,1.705,32.3,36.2,95.5,38.5,76.8,35922.0,0.71,78.4,124.8,639.0,64.59999999978857,28.0,5.0,17.7,254.69,1292.61,275232.0,3800.0,8.55
Uruguay,1619.0,53.88,10.8,12.1,2.282145227461988,0.817,8.61,40.999999999729994,41.0,58.1,0.05,0.05,0.11,7.1,13.0,6103.0,50.0,39.7,3833.4167471427713,18.8,1.963,39.0,27.9,68.4,35.5,68.6,3194.0000000679283,0.36,77.1,98.6,337.0,97.1,24.0,4.9,35.30000000001115,210.54,247.008,3231.0,2840.0,17.55
Uzbekistan,1756.0,39.2,2.7,1.1,2.8076097675166167,0.72,2.12,40.999999999664794,59.0,2.6,88.7,0.05,0.019,17.4,13.0,862.0,24.0,35.3,2072.417645295378,8.3,2.785,16.1,16.6,51.4,30.1,53.3,1682.0,1.41,73.0,20.7,68.0,99.8,22.4,6.3,35.2999999999646,130.81,10.9,1003.0,2560.0,12.05
Venezuela,4733.0,-66.1636689039488,5.6,36.7,0.5784298540786454,0.711,2.76,40.999999999716465,79.0,88.0,0.4,0.05,0.044,24.2,13.00000000072032,10.32,23.0,46.9,1441.10459018642,2.1,2.25,30.300000000066433,25.6,71.2,30.0,25.9,18821.0,1.26,73.9,56.6,134.0,88.1,22.7,3.6,35.299999999857675,117.79,22.121,2275.0,2650.0,25.35
Vietnam,2715.0,66.38,8.3,1.5,1.7394599144285974,0.704,2.94,40.9999999996615,30.0,8.2,0.1,16.4,0.012999999973601462,19.9,14.0,1437.0,26.0,35.7,-85.98940393733119,7.2,2.05,30.300000000047447,2.1,71.4,31.9,55.3,3194.0,1.0,73.7,28.6,128.0,76.9,22.8,4.3,16.6,16.36,44.858,24589.0,2780.0,24.45
Yemen,855.0,57.09222517808229,0.1,6.8,15.433125812062933,0.47,1.95,40.999999999756824,99.0,0.01,99.2,0.05,0.012999999849114374,58.4,7.0,1895.0000000016807,21.0,36.7,1085.726197895996,7.1,3.7,30.9,17.1,26.5,19.8,60.999999999204874,797.0,2.33,66.6,14.7,53.0,13.7,23.0,5.2,1294.0,43.97,4.807,2854.0000000870787,2050.0,23.85
Zambia,1292.0,26.11876166326141,4.8,5.4,2.1378503504557838,0.584,4.86,40.99999999949716,95.0,95.5,1.0,0.05,0.013000000262820777,61.7,8.0,925.0,45.0,57.1,427.6547979206234,14.4,4.559,19.9,8.1,27.4,16.9,53.6,3194.0000000009313,2.97,62.5,11.9,123.0,52.3,18.7,1.3,35.29999999997102,9.71,12.275,2853.999999707099,1880.0,21.4
Zimbabwe,1464.0,23.98129375890511,4.8,7.5,10.565210495261644,0.571,3.16,40.99999999960903,88.0,0.87,0.7,0.05,0.0013,54.6,7.0,1895.0000000056389,77.0,44.3,-819.0841637420299,23.6,3.531,18.3,15.5,31.0,20.5,40.4,3194.0000002628076,2.28,60.7,15.2,127.0,81.1,19.9,6.1,848.0,31.9,24.864,232.0,2210.0,21.0
